,Unnamed: 0,event_name,promoter,director,city,state,Start_Date,End_Date
14,14,North End Classic,White Mountain Road Club,John Garren,,,03/12/2005,03/13/2005
34,34,Sonoita Patagonia Time Trial,Saguaro Velo,Donald Melhado,,,07/03/2005,
95,95,Pilarcitos Stage Race,Pilarcitos Cyclesports,Thomas Simpson,,,04/02/2005,04/03/2005
121,121,Mount Hamilton Classic,San Jose Bicycle Club,,,,05/29/2005,
224,224,Dade Battle of Brilliance,Atlantic Shores Velo,Tim Molyneaux,,,02/26/2005,02/27/2005
283,283,Wood River Cup Race Series,Sun Valley Road and Dirt Camps. L.L.C.,William (Bill) Olson,,,06/01/2005,06/29/2005
526,526,Turtle Pond Circuit Race,Press Forward Cycling,Brad Sheehan,,,05/01/2005,
619,619,French Broad Cycling Classic,Asheville Bicycle Racing Club,Janet Trubey,,,07/22/2005,07/24/2005
625,625,Hobby Park 2005,Paul's Racing/Paul's Cycling & Fitness Inc.,Dale Harrell,,,09/18/2005,
693,693,Nicole Reinhart Memorial Tour de FCCC,The Velo Shop/LWA Racing,David Gulick,,,07/16/2005,07/17/2005
751,751,Juris/Bank of America TN State Championship Omnium,TriStar Cycling Team,Brian Cote,,,09/17/2005,09/18/2005
840,840,"Alpine Valley Open, WORS #2","WORS Racing, LLC",Don Edberg,Alpine Valley Open,WORS #2,05/22/2005,
842,842,"Rome Around, WORS #3","WORS Racing, LLC",Don Edberg,Rome Around,WORS #3,06/05/2005,
845,845,"WORS CUP, WORS #6","WORS Racing, LLC",Don Edberg,WORS CUP,WORS #6,07/16/2005,07/17/2005
846,846,"Phillips Dirtfighter Classic, WORS #7","WORS Racing, LLC",Don Edberg,Phillips Dirtfighter Classic,WORS #7,07/24/2005,
847,847,"Calumet Sun Run, WORS #8","WORS Racing, LLC",Don Edberg,Calumet Sun Run,WORS #8,08/14/2005,
848,848,"Alterra Coffee Bean Classic, WORS #9","WORS Racing, LLC",Don Edberg,Alterra Coffee Bean Classic,WORS #9,08/28/2005,
849,849,"Kewaunee XC Adventure, WORS #10","WORS Racing, LLC",Don Edberg,Kewaunee XC Adventure,WORS #10,09/11/2005,
850,850,"Sunburst Showdown, WORS #11","WORS Racing, LLC",Don Edberg,Sunburst Showdown,WORS #11,09/25/2005,
878,878,La Vuelta De Bisbee,Thunder Mountain Cycling,Albert Hopper  Jr.,,,04/28/2006,04/30/2006
974,974,Five Wire Inc Mt Hamilton Classic,San Jose Bicycle Club,Franklin Smoot,,,05/28/2006,
1115,1115,Georgia Games,North Atlanta Riding Club,Alan Gabrielli,,,07/08/2006,07/09/2006
1168,1168,Proctor Cycling Classic,Peoria Bicycle Club,Gregory Springborn,,,06/30/2006,07/02/2006
1259,1259,Greenbrier Challenge,Potomac Velo Club,James Carlson,,,04/30/2006,
1284,1284,47th Annual Fitchburg Longsjo Classic,Fitchburg Cycling Club,Norman Gariepy,,,06/29/2006,07/02/2006
1311,1311,Nature Valley Grand Prix,Minnesota Bicycle Festivals,David LaPorte,,,06/14/2006,06/18/2006
1316,1316,Giro D' Rankin,MCDF,Gary Gray,,,06/10/2006,06/11/2006
1373,1373,Turtle Pond Circuit Race,Press Forward Cycling,Brad Sheehan,,,04/22/2006,
1396,1396,US Bicycling Hall of Fame Super Saturday,US Bicycling Hall of Fame,Vincent Menci,,,05/27/2006,
1451,1451,Tour de Parc,Kissena Cycling Club,Charles Issendorf,,,05/21/2006,
1457,1457,Blackfly Challenge,Adirondack Mountain Bike Association,Charles (Chip) Kiefer,,,06/10/2006,
1472,1472,2006 Empire State Games Cycling Events,Rochester Road Racing,Gary Toth,,,07/27/2006,07/30/2006
1561,1561,PICC Spring Training Series,Presque Isle Cycling Club,Dave Dennis,,,04/08/2006,05/14/2006
1602,1602,Nicole Reinhart Memorial Tour de FCCC,The Velo Shop/LWA Racing,David Gulick,,,07/22/2006,07/23/2006
1682,1682,Fayetteville Stage Race,Southwest Cycling Club Racing,James McCowen,,,03/18/2006,03/19/2006
1729,1729,LOTOJA Classic,Epic Events Inc,Brent Chambers,,,09/09/2006,
2072,2072,Pleasant Valley Time Trial Training Series,JAT Racing LLC,James Thompson,,,05/08/2007,08/28/2007
2152,2152,Cherokee RR/TT Sandy Springs Classic,"North Georgia Cycling Association, Inc.",Robert Heath,,,05/26/2007,05/27/2007
2158,2158,Georgia State Games Cycling Road Race,Georgia Sports Foundation,Angie Taylor,,,07/07/2007,07/08/2007
2210,2210,Proctor Cycling Classic,Peoria Bicycle Club,Stephen Daggs,,,06/29/2007,07/01/2007
2335,2335,Tour of Walkersville,Annapolis Bicycle Racing Team,Douglas Shapter,,,03/31/2007,
2337,2337,Greenbrier Challenge,Potomac Velo Club,James Carlson,,,04/29/2007,
2361,2361,Boston Beanpot Cycling Classic,Massachusetts Institute of Technology,Caitlin Thompson,,,03/31/2007,04/01/2007
2370,2370,48th Annual Fitchburg Longsjo Classic,Fitchburg Cycling Club,Norman Gariepy,,,06/28/2007,07/01/2007
2430,2430,Mississippi Gran Prix,Palmer Cycling,Shane Kelly,,,04/20/2007,04/22/2007
2432,2432,Giro D'Rankin,MCDF,Gary Gray,,,05/12/2007,05/13/2007
2463,2463,Mercy Health Plans Loop Bike Race,Michelob Ultra - Big Shark Racing,Tim Ranek,,,09/03/2007,
2498,2498,Bozeman/Big Sky Cyclocross Weekend,Gallatin Valley Bicycle Club,Brad Morgan,,,10/13/2007,10/14/2007
2521,2521,Tour de Nez,Reno Wheelmen,Tim Healion,,,06/15/2007,06/16/2007
2527,2527,Turtle Pond Circuit Race,Press Forward Cycling,Brad Sheehan,,,04/21/2007,
2669,2669,Dixie Classic Criterium Series,Hearts Racing Club,Ken Putnam,,,03/27/2007,08/21/2007
2681,2681,Dragon's Challenge & NC Criterium Championship,Cross Creek Cycling Club-C4,Robert Havens,,,05/26/2007,05/28/2007
2687,2687,French Broad Cycling Classic -2007,Asheville Bicycle Racing Club,Richard Dunn,,,07/20/2007,07/22/2007
2778,2778,PICC Spring Training Series-Fairview,Presque Isle Cycling Club,Ken Bastine,,,04/07/2007,05/14/2007
2805,2805,"MABRA Track Title and DE , MD/DC, &  VA",Prince William Elite Racing (PoWER),Max Rogozinski,MABRA Track Title and DE ,&  VA,06/10/2007,
2827,2827,Nicole Reinhart Memorial Tour de FCCC,The Velo Shop/LWA Racing,David Gulick,,,07/21/2007,07/22/2007
2900,2900,Settlers Life Omnium,Tri Cities Road Club,Dwayne Letterman,,,06/09/2007,06/10/2007
2998,2998,LOTOJA Classic,Epic Events Inc,Brent Chambers,,,09/08/2007,
3003,3003,2007 USA Cycling Mountain Bike Nationals,Mount Snow Ltd,Gregory Fisher,,,07/17/2007,07/22/2007
3298,3298,2008 USA Cycling Juniors U23 Elite Nationals,Team Velosport-CA,John (Jet) Tanner,,,08/06/2008,08/10/2008
3395,3395,Pleasant Valley Time Trial Training Series,JAT Racing LLC,James Thompson,,,05/13/2008,08/26/2008
3408,3408,Three Village Tour,Mohegan Sun Cycling,Michael Smith,,,09/20/2008,
3486,3486,Georgia State Games Cycling Road Race,North Atlanta Riding Club,Angie Taylor,,,07/12/2008,07/13/2008
3504,3504,Sage Brush Scramble,Broken Spoke Cycling,Hal Miller,,,05/10/2008,
3533,3533,O'Fallon Grand Prix,Metro East Cycling,Steven Schmidt,,,05/31/2008,
3701,3701,Tour of Walkersville,Annapolis Bicycle Racing Team,Douglas Shapter,,,04/05/2008,
3703,3703,Greenbrier Challenge,Potomac Velo Club,James Carlson,,,04/27/2008,
3738,3738,49th Annual Fitchburg Longsjo Classic,Fitchburg Cycling Club,Norman Gariepy,,,07/03/2008,07/06/2008
3785,3785,Michigan State University XC Race,Michigan State University,Julian Simioni,,,09/13/2008,
3832,3832,"Washington, MO Criterium",Velo Force,Mark Rosen,Washington,MO Criterium,05/04/2008,
3906,3906,Omaha Cycling Weekend,Midwest Cycling Club Racing,Kent McNeill,,,07/12/2008,07/13/2008
3914,3914,High Sierra Hillclimb Time Trial Series,Alta Alpina Cycling Club,Shawn Pearson,,,05/18/2008,09/07/2008
3917,3917,Tour de Nez,Reno Wheelmen,Tim Healion,,,06/18/2008,06/21/2008
3938,3938,UNH Kingman Cross-Country Classic/ Double Downhill,University of New Hampshire,Jeffrey Lukach,,,09/20/2008,09/21/2008
3954,3954,US Bicycling Hall of Fame Super Saturday,US Bicycling Hall of Fame,Vincent Menci,,,05/24/2008,
3965,3965,Giro di Jersey,Van Dessel Factory Team,Thomas Licker,,,06/20/2008,06/22/2008
3993,3993,Hillsboro Classic (Omnium),ZiaVelo Cycling,David Rutledge,,,03/08/2008,03/09/2008
4099,4099,Dixie Classic Criterium Series- Part 1,Hearts Racing Club,Matthew Canter,,,03/25/2008,05/06/2008
4106,4106,2008 ACC Cycling Championship,Wake Forest University,John Shilt,,,04/19/2008,04/20/2008
4107,4107,Winston Salem Downtown Criterium,Wake Forest University,John Shilt,,,04/20/2008,
4127,4127,French Broad Cycling Classic -2008,Asheville Bicycle Racing Club,Will Sagar,,,07/18/2008,07/20/2008
4140,4140,Southern Classic Finals @Hobby Park,Paul's Racing/Paul's Cycling & Fitness Inc.,Dale Harrell,,,08/17/2008,
4174,4174,Bull Run Farms Road Race,Ghisallo Cycling Team Inc.,James Dennedy,,,05/04/2008,
4202,4202,Flint Ridge Circuit Race / Cowskin Road Race,Tulsa Wheelmen,John Allen,,,04/12/2008,04/13/2008
4233,4233,Phoenixville Fury & Philly Phlyer 2008 ECCC/ACCC W,Drexel University,Joseph Kopena,,,03/08/2008,03/09/2008
4251,4251,Turkey Hill Country Classic,Red Rose Races.Com,William Laudien,,,05/03/2008,
4257,4257,Millport Road Race,Red Rose Races.Com,Richard Ruoff,,,05/31/2008,
4275,4275,Brownstown Road Race,"PACE, Inc.",David Butterworth,,,06/28/2008,
4283,4283,Nicole Reinhart Memorial Tour de FCCC,Bicycling World,David Gulick,,,07/19/2008,07/20/2008
4285,4285,The Comeback Criterium,ERA Cycling,Saysana Inthavongsa,,,07/20/2008,
4289,4289,The Hammer Creek Road Race,ERA Cycling,Saysana Inthavongsa,,,08/02/2008,
4308,4308,Pine Grove Furnace Masters PA. TT,South Mountain Velo Club,I Mark Williams,,,09/13/2008,
4331,4331,Greenville Spring Series- Week 2,Greenville Spinners Bicycle Club,Richard Hincapie,,,03/01/2008,03/02/2008
4349,4349,South Carolina Time Trial Weekend,Low Country Velo Inc.,Donald Veitch,,,10/04/2008,10/05/2008
4359,4359,Cumberland & Vanderbilt Weekend Classic,Cumberland University,Timothy Hall,,,04/05/2008,04/06/2008
4367,4367,The Tomato Head Knoxville Omnium,Southern Cycling Operations (SCO),Steven Bacon,,,05/24/2008,05/25/2008
4368,4368,Settlers Life Omnium,Tri Cities Road Club,Janine Pleasant,,,06/07/2008,06/08/2008
4392,4392,"Mud, Sweat & Gears Cyclocross Series",Tri Cities Road Club,Dwayne Letterman,,,10/11/2008,12/13/2008
4400,4400,Ft. Sam Houston Cyclocross Challenge,Bike World Racing,Clay Snell,,,01/13/2008,
4551,4551,Baddlands Cooper Jones Twilight Series,Baddlands Cycling Club,Alex Renner,,,04/15/2008,08/26/2008
4785,4785,Sonora Road Race,Delta Velo,Lee Shuemake,,,05/03/2009,
4813,4813,Santa Barbara Bicycle Festival,"Team Big Bear Mtn Bikes, Inc.",Tom Spiegel,,,06/06/2009,06/07/2009
4815,4815,Friends of Tamarancho Invitational Mtn Bike Race,TWENTY16 Pro Cycling,Julia Violich,,,06/07/2009,
4881,4881,US Cup Unification Race,"Team Big Bear Mtn Bikes, Inc.",Tom Spiegel,,,09/20/2009,
5044,5044,2009 Georgia State Road Championship Weekend,"North Georgia Cycling Association, Inc.",Tim Smith,,,05/16/2009,05/17/2009
5053,5053,Georgia Games,Georgia Sports Foundation,Eric Pfeifer,,,07/11/2009,07/12/2009
5066,5066,2009 Sage Brush Scramble,Broken Spoke Cycling,Hal Miller,,,05/09/2009,
5097,5097,O'Fallon Grand Prix,Metro East Cycling,Steven Schmidt,,,05/30/2009,
5265,5265,TOUR of the Red River Gorge-LAJRS,TOUR of the Red River Gorge,Cliff Cantrell,,,07/17/2009,07/19/2009
5285,5285,2009 LA-MS Team Time Trial Championships,Tiger Cycling Foundation,William Cheramie,intersection,LA991 & Gummers Ln.,08/08/2009,
5300,5300,Tour of Walkersville,Annapolis Bicycle Racing Team,Douglas Shapter,,,04/04/2009,
5302,5302,Greenbrier Challenge,Potomac Velo Club,James Carlson,,,04/26/2009,
5335,5335,50th Annual Fitchburg Longsjo Classic,Fitchburg Cycling Club,Norman Gariepy,,,07/02/2009,07/05/2009
5415,5415,The Bikery's Jackson Meadow Cyclocross,Chilkoot Velo,Olivier Vrambout,,,10/23/2009,
5428,5428,The Plein Air Classic,Oxford Cycling,Chris Mogridge,,,07/04/2009,07/05/2009
5442,5442,O'Fallon Gold Cup,Momentum Racing LLC - MO,Steven Maas,,,05/09/2009,
5478,5478,Unravel the Scratchgravel,Big Sky Cyclery-Helena,Chad Dexter,Scratchgravel District,BLM,05/17/2009,
5514,5514,Omaha Cycling Weekend,Midwest Cycling Club Racing,Kent McNeill,,,07/11/2009,07/12/2009
5524,5524,High Sierra Hillclimb Time Trial Series,Reno Wheelmen,Shawn Pearson,,,05/17/2009,08/09/2009
5526,5526,Tour de Nez,Herbalife p/b MarcPro-Strava,Tim Healion,,,06/18/2009,06/20/2009
5571,5571,US Bicycling Hall of Fame Super Saturday,US Bicycling Hall of Fame,Vincent Menci,,,05/23/2009,
5581,5581,Giro Di Jersey,"Colavita Racing, Inc.",Thomas Licker,,,06/17/2009,06/21/2009
5617,5617,Hillsboro Classic (Omnium),ZiaVelo Cycling,David Rutledge,,,03/14/2009,03/15/2009
5655,5655,Plattekill Mtn NYS CHAMPIONSHIP SERIES DH #1,Ski Plattekill Mtn.,Laszlo Vajtay,,,05/03/2009,
5679,5679,Plattekill Mtn NYS CHAMPIONSHIP SERIES DH #2,Ski Plattekill Mtn.,Laszlo Vajtay,,,06/14/2009,
5708,5708,Plattekill Mtn NYS CHAMPIONSHIP SERIES DH #4,Ski Plattekill Mtn.,Laszlo Vajtay,,,09/06/2009,
5716,5716,Plattekill Mtn NYS CHAMPIONSHIP SERIES DH #5,Ski Plattekill Mtn.,Laszlo Vajtay,,,09/20/2009,
5721,5721,Plattekill Mtn NYS CHAMP SERIES DH #6 & GE Finals,Ski Plattekill Mtn.,Laszlo Vajtay,,,10/11/2009,
5727,5727,Plattekill Mtn NYS CHAMPIONSHIP SERIES DH #7,Ski Plattekill Mtn.,Laszlo Vajtay,,,10/25/2009,
5738,5738,Wake Forest University Criterium,Wake Forest University,John Shilt,,,02/22/2009,
5741,5741,Hobby Park MTB Race,Paul's Racing/Paul's Cycling & Fitness Inc.,Dale Harrell,,,03/22/2009,
5747,5747,2009 ACCC Championships,Wake Forest University,John Shilt,,,04/18/2009,04/19/2009
5800,5800,Tour of the Valley,Carbon Racing,Erin Quinlan,,,07/10/2009,
5862,5862,New Holland Spring Training Criterium Series,All That Is Good,Richard Ruoff,,,03/01/2009,03/29/2009
5878,5878,Tour de Ephrata,All That Is Good,Richard Ruoff,,,04/25/2009,04/26/2009
5880,5880,Turkey Hill Country Classic,All That Is Good,Richard Ruoff,,,05/02/2009,
5888,5888,Conestoga Challenge Road Race,All That Is Good,Richard Ruoff,,,05/17/2009,
5897,5897,Fulton Road Race,All That Is Good,Richard Ruoff,,,05/30/2009,
5900,5900,Race Avenue Criterium,All That Is Good,Richard Ruoff,,,06/06/2009,
5917,5917,Millersville Road Race,All That Is Good,Richard Ruoff,,,06/28/2009,
5920,5920,Tour of Mt. Nebo,All That Is Good,Richard Ruoff,,,07/11/2009,
5924,5924,Nicole Reinhart Memorial Tour de FCCC,The Velo Shop/LWA Racing,David Gulick,,,07/18/2009,07/19/2009
5933,5933,Tour of Lancaster County,All That Is Good,Richard Ruoff,,,08/01/2009,08/02/2009
5957,5957,Pine Grove Furnace Masters PA. TT,South Mountain Velo Club,I Mark Williams,,,09/19/2009,
6035,6035,"Mud, Sweat & Gears Cyclocross Series",Tri Cities Road Club,Dwayne Letterman,,,10/03/2009,12/12/2009
6057,6057,McKinney Velo / Jesuit Ranger Roundup,Texas High School Cycling League,Andrew Armstrong,,,03/08/2009,
6097,6097,The Austinbikes Pickle Criterium,Holland Racing,Andrew Willis,,,09/06/2009,
6266,6266,SuperWeek Pro Tour,"Breakaway Event Productions, LLC",Andy Garrison,,,07/10/2009,07/26/2009
6267,6267,International Cycling Classic,"Breakaway Event Productions, LLC",Andy Garrison,,,07/11/2009,07/26/2009
6402,6402,"Grand Junction, CO Criterium Series",Driver Racing,Mike Driver,Grand Junction,CO Criterium Series,03/31/2010,05/05/2010
6437,6437,2010 Last Chance Short Track/2010Final Call 4X-BMX,University of Colorado Boulder,Joe Schneider,,,10/02/2010,
6506,6506,Space Coast Cycling Festival,Atlantic Shores Velo,Abraham Pollard,,,05/15/2010,05/16/2010
6564,6564,Georgia Games,Georgia Sports Foundation,Eric Pfeifer,,,07/10/2010,07/11/2010
6582,6582,2010 Sage Brush Scramble,Broken Spoke Cycling,Hal Miller,,,03/28/2010,
6587,6587,2010 Treasure Valley Omnium,Team Dobbiaco,Vernon Padaca,,,05/22/2010,05/23/2010
6602,6602,Riverstone CX Practice Series,Coeur d 'Alene Velo Racers (CDAVR),Michael Gaertner,,,09/01/2010,09/29/2010
6646,6646,"Pride, INC. Cyclocross Race #1",Wild Trak Bikes Racing,Mark Haggard,Pride,INC. Cyclocross Race #1,09/11/2010,
6650,6650,"Pride, INC. Cyclocross Race #2",Wild Trak Bikes Racing,Mark Haggard,Pride,INC. Cyclocross Race #2,09/25/2010,
6653,6653,"Pride, INC. Cyclocross Race #3",Wild Trak Bikes Racing,Mark Haggard,Pride,INC. Cyclocross Race #3,10/09/2010,
6659,6659,"Pride, INC. Cyclocross Race #4",Wild Trak Bikes Racing,Mark Haggard,Pride,INC. Cyclocross Race #4,10/23/2010,
6662,6662,"Pride, INC. Cyclocross Race #5",Wild Trak Bikes Racing,Mark Haggard,Pride,INC. Cyclocross Race #5,11/06/2010,
6665,6665,"Pride, INC. Cyclocross Race #6",Wild Trak Bikes Racing,Mark Haggard,Pride,INC. Cyclocross Race #6,11/20/2010,
6827,6827,Tour de Olmstead,2WheelSports,Michael Hewitt,,,06/12/2010,
6855,6855,Tour of Walkersville,Annapolis Bicycle Racing Team,Douglas Shapter,,,04/10/2010,
6897,6897,51st Annual Fitchburg Longsjo Classic,Fitchburg Cycling Club,Norman Gariepy,,,07/02/2010,07/05/2010
6968,6968,HollyWood Cycles/Summit Criterium,Silver Cycling,Steven Knowlton,,,07/06/2010,07/27/2010
6986,6986,Jackson Meadow Cyclocross,Chilkoot Velo,Michael Lyner,,,10/23/2010,
7021,7021,RMC Hellbender,Rolla Multisport Club,Paul Joyner,,,05/15/2010,05/16/2010
7022,7022,O'Fallon Gold Cup,Momentum Racing LLC - MO,Steven Maas,,,05/22/2010,
7098,7098,Omaha Cycling Weekend,Team Kaos Cycling,Kent McNeill,,,07/10/2010,07/11/2010
7105,7105,Sierra Nevada Hill Climb Time Trial Series,Reno Wheelmen,Spencer Ericksen,,,05/08/2010,08/08/2010
7108,7108,Tour de Nez,Truckee Bicycle Team,Tim Healion,,,06/17/2010,06/19/2010
7157,7157,The Hills of Somerset County Road Race,Middle Earth,Daniel Puntillo,,,05/29/2010,
7201,7201,Hillsboro Classic (Omnium),ZiaVelo Cycling,David Rutledge,,,03/06/2010,03/07/2010
7247,7247,GVCC TT,Genesee Valley Cycling Club,Todd Scheske,,,05/06/2010,09/23/2010
7260,7260,Kings County Kermesse,Kissena Cycling Club,Charles Issendorf,,,05/23/2010,
7281,7281,Race For The Wine,GS Mengoni U.S.A.,Charles Issendorf,,,07/18/2010,
7287,7287,NY Capital Region Road Race,Capital Bicycle Racing Club,Paul McDonnell,,,08/14/2010,
7317,7317,Storm King Cannibal,"Sparta Cycling, Inc.",John Eustice,,,10/10/2010,
7335,7335,Wake Forest University ACCC Race Weekend,Wake Forest University,Eric Haakonssen,,,02/20/2010,02/21/2010
7337,7337,Hobby Park MTB Race,Paul's Racing/Paul's Cycling & Fitness Inc.,Dale Harrell,,,03/21/2010,
7379,7379,Old Salem Criterium,Hearts Racing Club,Ken Putnam,,,09/11/2010,
7380,7380,Lees-McRae College Home Race,Lees-McRae College,Robert Jameson,,,09/11/2010,09/12/2010
7385,7385,Wake Forest University 'Cross p/b Ken's Bike Shop,Wake Forest University,James McCabe,,,10/16/2010,10/17/2010
7480,7480,Double Crossed,Villain CX,Josh Jewell,,,10/23/2010,10/24/2010
7548,7548,Nicole Reinhart Memorial Tour de FCCC,Salamander Racing,David Gulick,,,07/17/2010,07/18/2010
7563,7563,Chester County Criterium,Guys Racing Club,Charles Hanlon,,,08/22/2010,
7660,7660,ETJC Omnium,East TN Junior Cycling,Dennis Ley,,,07/10/2010,07/11/2010
7715,7715,Jesuit Ranger Roundup,Texas High School Cycling League,Andrew Armstrong,,,03/14/2010,
7809,7809,Capitol Reef Classic,Team SR3,Tina Andersen,,,07/16/2010,07/17/2010
7883,7883,Baddlands Cooper Jones Twilight Series,Baddlands Cycling Club,Alex Renner,,,04/13/2010,08/24/2010
7885,7885,NWCCC Regional Conference Championships,Washington State University,Keara Sheahan,,,04/24/2010,
7953,7953,International Cycling Classic,"Breakaway Event Productions, LLC",Andy Garrison,,,07/09/2010,07/25/2010
8096,8096,"Grand Junction, CO Criterium Series",Driver Racing,Mike Driver,Grand Junction,CO Criterium Series,03/30/2011,04/20/2011
8132,8132,Aspen/Snowmass Pro Women's Stage Race,AJAX Tavern Cycling Team,Jan Pieter Koorn,,,08/22/2011,08/24/2011
8134,8134,Para Cycling Challenge,U.S. Paralympics Cycling,Ian Lawless,,,08/23/2011,08/26/2011
8199,8199,$100K BBPA Racing Series - Snyder Park & Bank Atla,zMotion Cycling Team/Club,Keri Burns,,,04/16/2011,04/17/2011
8216,8216,Powerade Cycling Cup,Pro Cycling Miami,Johan Ismail,,,08/21/2011,
8280,8280,Georgia Games,Georgia Sports Foundation,Eric Pfeifer,,,07/09/2011,07/10/2011
8303,8303,2011 Sage Brush Scramble,Broken Spoke Cycling,Hal Miller,,,04/03/2011,
8332,8332,Crosstober Nights,Coeur d 'Alene Velo Racers (CDAVR),Michael Gaertner,,,10/15/2011,
8354,8354,Black Partridge Open,Peoria Area Mountain Bike Association (PAMBA),Anthony Thaller,,,05/22/2011,
8457,8457,"Iowa Spring Classic 2, Hills/Iowa City IA",Goosetown Racing Club,Brett Griggs,,,03/12/2011,
8523,8523,Manions CX,Team Colavita/ Parisi Coffee,Britton Kusiak,,,09/24/2011,09/25/2011
8564,8564,L.A. 31 Vuelta de Acadiana,Acadiana Bicycle Company Racing,Glenn Richard,,,07/02/2011,07/03/2011
8683,8683,Cherry- Roubaix Criterium and State Championship R,Cherry-Roubaix Inc.,Bob McLain,,,08/13/2011,08/14/2011
8733,8733,"Tuffburg, SCRCS 1",R2W Cycling,Paul Pulsifer,Tuffburg,SCRCS 1,03/20/2011,
8758,8758,Lindenwood University MWCCC Regional Championships,Lindenwood University,Tim Norris,,,04/16/2011,04/17/2011
8772,8772,Hellbender,Rolla Multisport Club,Paul Joyner,,,06/18/2011,06/19/2011
8785,8785,Gateway Cross Cup,Michelob Ultra - Big Shark Racing,Michael Weiss,,,09/21/2011,
8818,8818,Callville Bay Classic,Wicked Cycling Inc,Mike Olsen,,,02/24/2011,02/27/2011
8820,8820,Sierra Nevada Hill Climb Time Trial Series,Reno Wheelmen,Spencer Ericksen,,,05/07/2011,08/07/2011
8852,8852,Attitash & Cranmore Mountain Cross Country and Dow,University of New Hampshire,Isabella Oleksy,,,10/08/2011,10/09/2011
8856,8856,Rutgers Scarlet Scurry,Rutgers University-New Brunswick,Nicholas Apostolopoulos,,,03/05/2011,03/06/2011
8880,8880,The Hills of Somerset County Road Race,Middle Earth,Daniel Puntillo,,,05/28/2011,
8898,8898,N.J STATE ROAD RACE CHAMPIONSHIP,Pro Pedals Bike Shop,Jason Bradley,,,07/17/2011,
8955,8955,Zoefitness Skills Clinic,Zoefitness,Zoe Nance,,,11/11/2011,
8958,8958,TRES CROSSES - Cross,ZiaVelo Cycling,David Rutledge,,,12/03/2011,
8960,8960,"Hayes Apple Farm, NM Cyclocross Series Final",Get Out! New Mexico,Antonia DeHorney,Hayes Apple Farm,NM Cyclocross Series Final,12/18/2011,
8975,8975,GVCC TT,Genesee Valley Cycling Club,Nancy Robertson,,,04/14/2011,09/22/2011
8976,8976,Kings County Kermesse,Kissena Cycling Club,Charles Issendorf,,,04/16/2011,
9026,9026,NY Capital Region Road Race,Capital Bicycle Racing Club,Paul McDonnell,,,08/20/2011,
9078,9078,Hobby Park - Southern Classic MTB Series Race #2,Cycletherapy,Jim Smalley,,,03/20/2011,
9079,9079,Dixie Classic Criterium Series,Hearts Racing Club,Matthew Canter,,,03/22/2011,06/28/2011
9081,9081,Wake Forest University Road Race Weekend,Wake Forest University,James McCabe,,,03/26/2011,03/27/2011
9101,9101,Powerade State Games of NC Mountain Bike Race,Hearts Racing Club,Ragan Williams,,,06/11/2011,
9103,9103,Powerade State Games of NC Criterium,Hearts Racing Club,Ragan Williams,,,06/19/2011,
9124,9124,Brenner Pro-Am Race - Fighting Childhood Obesity,Hearts Racing Club,Ken Putnam,,,09/10/2011,
9134,9134,Dixie Classic Cyclo Cross Series 'under the l,Hearts Racing Club,Ken Putnam,,,11/01/2011,11/22/2011
9142,9142,MerryCrossmas part deux,Mock Orange Bikes,Zach Lail,,,12/17/2011,12/18/2011
9190,9190,Ohio State Cyclocross Championship Day 1,Central Ohio Bicycle Club,Andys Burns,,,10/22/2011,
9247,9247,LIMESTONE CROSS AT THE KILN - ATLANTIC REGIONAL CH,Gotham Cyclists,Andrew Taus,CAMP OLYMPIC,RT29,01/15/2011,
9253,9253,PICC Spring Training Series- North East/Fairview,Presque Isle Cycling Club,Richard Sheasley,,,04/03/2011,05/15/2011
9255,9255,Fulton Road Race,Road Cycling League,Richard Ruoff,,,04/09/2011,
9266,9266,Tour de Ephrata,Road Cycling League,Richard Ruoff,,,04/30/2011,05/01/2011
9273,9273,Oxford Road Race,Road Cycling League,Richard Ruoff,,,05/21/2011,
9284,9284,Tour of Mt. Nebo,Road Cycling League,Michael Doupe,,,06/11/2011,
9299,9299,Nicole Reinhart Memorial Tour de FCCC,The Velo Shop/LWA Racing,David Gulick,,,07/16/2011,07/17/2011
9316,9316,Wilkes-Barre Twilight Criterium,N.E. PA Cycling,Philip Cable,,,08/27/2011,
9340,9340,LIMESTONE CROSS AT THE KILN - ATLANTIC REGIONAL CH,Gotham Cyclists,Andrew Taus,CAMP OLYMPIC,RT29,12/11/2011,
9356,9356,2011 Rock Hill Bicycle Club Classic,Rock Hill Bicycle Club,Christian Reinke,,,04/02/2011,04/03/2011
9409,9409,TN State Championship,East TN Junior Cycling,Dennis Ley,,,07/09/2011,07/10/2011
9456,9456,Jesuit Ranger Roundup,North Texas Road Team,Andrew Armstrong,,,03/13/2011,
9531,9531,RPGA 'Escalera Loca' Cyclocross,Broken Films Racing,Michael (Joe) Paugh,,,11/20/2011,
9690,9690,Gravity East Series #1,Gravity East Series,Michael Baker,,,06/05/2011,
9770,9770,Fat Tire Challenge,USA Cycling Race Director,Chris Bowers,,,06/24/2012,
9854,9854,Mt Gaylor Time Trail/Arkansas State Hill Climb,River Valley Cycling,Amelia Baldwin,,,09/22/2012,
10000,10000,San Ardo Road Race,Golden Chain Cyclists,Robert Leibold,San Ardo,CA  93450,08/18/2012,
10008,10008,San Joaquin Valley Omnium,Central Sierra Cyclists,Steven Grusis,,,09/08/2012,09/09/2012
10014,10014,Parkfield Classic Mountain Bike Race,California Polytechnic-San Luis Obispo,Christopher Convis,,,09/22/2012,09/23/2012
10024,10024,'Placer Valley Grand Prix' presented by,Leadoutracing.com (CA),John Novikoff,,,09/30/2012,
10043,10043,Ideal Market WFM PRIMAL WEAR Boulder Crit Series,Whole Foods Market Giordana Scott Sports,Barry Lee,,,04/04/2012,08/29/2012
10052,10052,Cycling Recycling Junior Stage Race,Cycling Recycling,Gregory Berlind,,,04/27/2012,04/29/2012
10074,10074,Ute Valley Pro XCT powered by Rotor Bike USA,Whole Foods Market Giordana Scott Sports,Jayson Middlemiss,,,06/16/2012,06/17/2012
10159,10159,New Years Day Criterium,Cat One Fitness,Adam Baskin,,,01/01/2012,
10165,10165,2012 Spring Fling of cycling,USA Cycling Race Director,Keri Burns,,,01/28/2012,01/29/2012
10188,10188,$100K Bill Bone Pro Am  - Vista View/Parkland,PMInvestments Ventures LLC,Tim Molyneaux,,,04/14/2012,04/15/2012
10243,10243,USA CRITS SPEED WEEK NCC Weekend,USA Cycling Race Director,Rebecca Travieso,,,05/04/2012,05/06/2012
10272,10272,2012 Sage Brush Scramble,Broken Spoke Cycling,Hal Miller,,,04/07/2012,
10303,10303,Crosstober Fest,Coeur d 'Alene Velo Racers (CDAVR),Michael Gaertner,,,11/03/2012,
10320,10320,Black Partridge Open,Peoria Area Mountain Bike Association (PAMBA),Anthony Thaller,,,05/20/2012,
10357,10357,Psycho Cross After Dark,Village-Verdigris Cycling,Ted Schweitzer,,,10/12/2012,10/13/2012
10365,10365,"Purdue Road Race, TTT and Circuit Race",Purdue University,Julian Toumey,Purdue Road Race,TTT and Circuit Race,04/14/2012,04/15/2012
10418,10418,"Iowa Spring Classic, Hills/Iowa City IA",Goosetown Racing Club,Brett Griggs,,,03/10/2012,
10485,10485,Manions CX,Team Colavita/ Parisi Coffee,Britton Kusiak,,,09/22/2012,09/23/2012
10507,10507,"VHP, TC & TCC 20K TT and Criterium",Vantage Health Plan/Team Colvin,Richard Dunn,VHP,TC & TCC 20K TT and Criterium,02/19/2012,
10548,10548,2012 Tour of Washington County Stage Race,Antietam Velo Club Inc,Joseph Jefferson,,,06/16/2012,06/17/2012
10615,10615,"Cherry- Roubaix TT, Criterium and State Championsh",Hagerty Racing,Jean Peters,,,08/10/2012,08/12/2012
10651,10651,Afton Road Race and Time Trial,The Bikery Du Nord,Olivier Vrambout,,,06/23/2012,
10660,10660,"HONOR RIDE Minneapolis, MN  (UHC)",Ride 2 Recovery,Danny Lupold,HONOR RIDE Minneapolis,MN  (UHC),08/11/2012,
10710,10710,Gateway Cross Cup,Michelob Ultra - Big Shark Racing,Michael Weiss,,,09/26/2012,
10742,10742,Last Chance Cyclocross,Team Great Divide,William Tietz,,,09/16/2012,
10768,10768,Sierra Nevada Hill Climb Time Trial Series,Reno Wheelmen,Spencer Ericksen,,,05/06/2012,08/05/2012
10771,10771,Little City Stage Race,Team Specialized Racing,Bubba Melcher,,,07/07/2012,07/08/2012
10793,10793,The Frozen Toed Season Opener,Rutgers University-New Brunswick,George Ghanim,,,03/03/2012,03/04/2012
10812,10812,The Hills of Somerset County Road Race,Middle Earth,Daniel Puntillo,,,05/26/2012,
10833,10833,Heart House/CADV South Jersey Omnium,C C Evesham,Kenneth Mills,,,08/05/2012,
10837,10837,New Jersey State Masters and Juniors Criterium Cha,"Liberty Cycle, Inc.",Greg Cordasco,,,08/19/2012,
10838,10838,New Jersey Senior Criterium Championships,"Liberty Cycle, Inc.",Greg Cordasco,,,08/26/2012,
10847,10847,Cyclocross at Bubbling Springs,Team Town Cycle,David Van Wart,,,11/11/2012,
10882,10882,"Hayes Apple Farm, NM Cyclocross Series Final",Get Out! New Mexico,Antonia DeHorney,Hayes Apple Farm,NM Cyclocross Series Final,12/15/2012,
10925,10925,NY Capital Region Road Race,Capital Bicycle Racing Club,Paul McDonnell,,,07/28/2012,
10962,10962,Carolinas Pain Institute Road Race Weekend,Wake Forest University,James McCabe,,,03/03/2012,03/04/2012
10975,10975,SECCC Road Championships,Brevard College,Brian Sheedy,One Brevard College Dr.  Brevard,NC 28712,04/21/2012,04/22/2012
10980,10980,Hobby Park MTB Race,Paul's Racing/Paul's Cycling & Fitness Inc.,Dale Harrell,,,05/06/2012,
10984,10984,Powerade State Games of NC Mountain Bike Race,Hearts Racing Club,Ragan Williams,,,06/09/2012,
10986,10986,Powerade State Games of NC Criterium,Hearts Racing Club,Ragan Williams,,,06/17/2012,
10993,10993,Hanes Park Classic,Mock Orange Bikes,Zach Lail,,,07/29/2012,
11006,11006,Brenner Pro-Am Race - Fighting Childhood Obesity,Hearts Racing Club,Ken Putnam,,,09/08/2012,
11028,11028,"OSRS #6 – Zanesfield, Ohio",Team Six One Four,Mark Farmer,,,04/29/2012,
11056,11056,Ohio State Cyclocross Championship Master & Junior,Central Ohio Bicycle Club,Andys Burns,,,10/20/2012,
11117,11117,Rock Lititz Tour,Road Cycling League,Richard Ruoff,,,04/28/2012,04/29/2012
11177,11177,LIMESTONE CROSS AT THE KILN - ATLANTIC REGIONAL CH,Gotham Cyclists,Andrew Taus,CAMP OLYMPIC,RT29,12/09/2012,
11274,11274,Jesuit Ranger Roundup,Texas High School Cycling League,Andrew Armstrong,,,03/11/2012,
11281,11281,The Classic,Greater Houston Cycling Foundation,Greg Sanders,,,04/14/2012,
11293,11293,GS Tenzing Criterium,GS Tenzing,Jim Byrd,,,05/27/2012,
11472,11472,INCXS- Blue HeronPark,Vicious Cycle,Jake Maedke,,,11/04/2012,
11482,11482,"Gravity East Series #5 Snowshoe, WV",Gravity East Series,Daniel McDonald,,,09/09/2012,
11543,11543,SCRD Rocket City Omnium,Rocket City Cycling Club,Jack Bice,,,07/20/2013,07/21/2013
11603,11603,BMC Spring Crit Series,Boston Mountain Cyclists,Jason Evans,,,03/12/2013,04/23/2013
11616,11616,Northwest Arkansas  Omnium,Boston Mountain Cyclists,Jason Evans,,,05/04/2013,05/05/2013
11669,11669,US Cup Bonelli Park Pro Triple Crown,"Team Big Bear Mtn Bikes, Inc.",Tom Spiegel,,,03/16/2013,03/17/2013
11787,11787,San Ardo Road Race,Golden Chain Cyclists,Robert Leibold,San Ardo,CA  93450,08/17/2013,
11819,11819,Parkfield Classic Mountain Bike Race,California Polytechnic-San Luis Obispo,Christopher Convis,,,10/12/2013,10/13/2013
11846,11846,Ideal Market Twin Peaks Mall Crits Presented by Ne,Whole Foods Market Giordana Scott Sports,Barry Lee,,,04/18/2013,08/15/2013
11952,11952,2013 Spring Fling of cycling,Cool Beans Racing,Keri Burns,,,01/26/2013,01/27/2013
11955,11955,Doral Cycling Classic,Pro Cycling Miami,Johan Ismail,,,02/03/2013,
11963,11963,Florida Pro Cycle Cup,Pro Cycling Miami,Johan Ismail,,,03/03/2013,
11964,11964,Orange Blossom Special,Naples Velo,Marilyn Cullinane,,,03/09/2013,03/10/2013
12029,12029,USA CRITS Speed Week A,USA Cycling Race Director,Rebecca Travieso,,,04/27/2013,05/01/2013
12077,12077,2013 Sage Brush Scramble,Broken Spoke Cycling,Hal Miller,,,04/13/2013,
12084,12084,"Eagle bike park Super d, DH and Dual",USA Cycling Race Director,Darren Lightfield,Eagle bike park Super d,DH and Dual,05/25/2013,05/27/2013
12128,12128,Black Partridge Open,Peoria Area Mountain Bike Association (PAMBA),Anthony Thaller,,,05/19/2013,
12133,12133,O'Fallon Grand Prix Omnium,Metro East Cycling,Thomas Jackson,,,06/14/2013,06/16/2013
12215,12215,Flying Pig Roller Race,Twisted Spokes,Richard Gilmore,,,02/10/2013,
12217,12217,"Iowa Spring Classic, Hills/Iowa City IA",Goosetown Racing Club,Brett Griggs,,,03/17/2013,
12334,12334,"Greenbrier Challenge AMBC, MASS/MARC#1",Potomac Velo Club,James Carlson,Greenbrier Challenge AMBC,MASS/MARC#1,04/21/2013,
12404,12404,"Cherry-Roubaix TT, Criterium & State Championship",Cherry-Roubaix Inc.,Bob McLain,,,06/14/2013,06/16/2013
12419,12419,MiSCA Bloomer MTB XC,Michigan Scholastic Cycling Association,Stephen Kinley,,,09/14/2013,
12556,12556,Granite Gorge Cyclocross Race,Monadnock Cycling Club,Timothy Trotter,,,10/20/2013,
12577,12577,The Hills of Somerset County Road Race,Middle Earth,Maggie Navatto,,,05/25/2013,
12593,12593,N.J STATE ROAD RACE CHAMPIONSHIP,Pro Pedals Bike Shop,Jason Bradley,,,07/14/2013,
12612,12612,Cyclocross at Bubbling Springs,Team Town Cycle,David Van Wart,,,10/27/2013,
12636,12636,Sandia Peak X Country and Enduro,Sport Systems Mountaintop Cycling,Joanna Eckstein,,,08/24/2013,08/25/2013
12654,12654,Bard Campus Criterium,"Atwood Racing Services, LLC",Alan Atwood,,,03/24/2013,
12668,12668,the Women's Woodstock Cycling Grand Prix,USA Cycling Race Director,Martin Bruhn,,,05/12/2013,
12690,12690,NY Capital Region Road Race,Capital Bicycle Racing Club,Paul McDonnell,,,07/13/2013,
12735,12735,Brevard Race Weekend,Brevard College,Brian Sheedy,One Brevard College Dr.  Brevard,NC 28712,03/23/2013,03/24/2013
12742,12742,Lung Buster Time Trial Series,USA Cycling Race Director,Daphne Kirkwood,,,04/25/2013,08/15/2013
12753,12753,Hobby Park Mtb Race,Paul's Racing/Paul's Cycling & Fitness Inc.,Dale Harrell,,,06/09/2013,
12757,12757,Pisgah Omnium,USA Cycling Race Director,Daphne Kirkwood,,,07/05/2013,07/07/2013
12769,12769,The Brenner Fit Challenge & Bike race,Hearts Racing Club,Ken Putnam,,,09/07/2013,
12780,12780,All Hallow's Cyclocross Eve,Mock Orange Bikes,Zach Lail,,,10/27/2013,
12812,12812,Smiths Dairy Milk Race,Orrville Cycling Club,Michael Gorman,,,08/11/2013,
12841,12841,University of Oklahoma Cycling Land Ronde,University of Oklahoma,James Snodgrass,Lake Draper,Norman,03/09/2013,03/10/2013
12854,12854,WHEELER DEALER MOUNTAIN BIKE FESTIVAL,CRUNCH Productions,Christian Combs,ROMAN NOSE STATE PARK,HWY 8 A,06/23/2013,
12951,12951,LIMESTONE CROSS AT THE KILN MAC FINAL #9,Gotham Cyclists,Andrew Taus,CAMP OLYMPIC,RT29,12/15/2013,
12959,12959,2013 Rock Hill Bicycle Club Classic,Rock Hill Bicycle Club,Christian Reinke,,,04/06/2013,04/07/2013
13048,13048,Jesuit Ranger Roundup,Texas High School Cycling League,Andrew Armstrong,,,03/10/2013,
13073,13073,GS Tenzing Criterium,GS Tenzing,Jim Byrd,,,05/26/2013,
13126,13126,Salt Lake Valley B4K Stage Race,Revolution Cafe Rio,Alex Kim,,,05/31/2013,06/01/2013
13140,13140,Huntsman World Senior Games,Huntsman World Senior Games,Merrill Barney,,,10/08/2013,10/11/2013
13199,13199,Tech Cross,Virginia Polytechnic University,Rebecca Stimson,,,11/09/2013,11/10/2013
13209,13209,University of Washington Omnium 2013,University of Washington-Seattle,Kelly Plese,,,04/06/2013,04/07/2013
13253,13253,Lost River Classic,National Capital Velo Club/UnitedHealthcare,William Luecke,,,07/20/2013,
13267,13267,Friday Night Sprints,RPM Cycling/ Belle City,Leonard Cabaltera,,,05/17/2013,08/16/2013
13284,13284,"Reforestation Ramble, WORS 2013 #9",USA Cycling Race Director,Don Edberg,Reforestation Ramble,WORS 2013 #9,08/25/2013,
13397,13397,Roger Millikan Memorial Cycling Race,Canyon Velo,Carl Moler,,,02/09/2014,
13420,13420,US Cup /Kenda Cup Bonelli Park,USA Cycling Race Director,Tom Spiegel,,,03/15/2014,03/16/2014
13443,13443,WCC Conference Championships Presented by Fresno State Bulldog Cycling,California State University-Fresno,Tadeh Issakhanian,,,04/26/2014,04/27/2014
13446,13446,Kenda Cup Bonelli Park,USA Cycling Race Director,Tom Spiegel,,,04/27/2014,
13520,13520,San Ardo Road Race,Golden Chain Cyclists,Robert Leibold,San Ardo,CA  93450,08/16/2014,
13539,13539,Summer Classic Criterium,San Diego Cyclo Vets,Jacobo Melcer,,,09/21/2014,
13596,13596,Deer Trail Road Race,Swift Cycling,Stephen Haydel,Deer Trail,CO 80105,06/21/2014,
13598,13598,US Cup /Kenda Cup Colorado Springs,USA Cycling Race Director,Tom Spiegel,,,06/28/2014,06/29/2014
13763,13763,2014 Sage Brush Scramble,Broken Spoke Cycling,Hal Miller,,,04/12/2014,
13790,13790,Wild West Finals in CD'A,Coeur d 'Alene Velo Racers (CDAVR),Michael Gaertner,,,11/15/2014,
13809,13809,O'Fallon Grand Prix,Metro East Cycling,Thomas Jackson,,,06/13/2014,06/14/2014
13887,13887,"Iowa Spring Classic, Hills/Iowa City IA",Goosetown Racing Club,Brett Griggs,,,04/06/2014,
13970,13970,Feliciana Road Race,GEAUX Race,Chris LeMoine,,,05/25/2014,
13975,13975,LA / MS Four Man Team Time Trial Championship,Bayou Country Cyclists Inc- Green Team,Matt Trahan,,,08/09/2014,
13981,13981,19th Annual Parrot Head Bike Ride for Our Environment,GEAUX Race,Chris LeMoine,,,10/04/2014,
14013,14013,AACX at South River Farm,Annapolis Bicycle Racing Team,Iain Banks,,,10/26/2014,
14024,14024,Ken Harrod Memorial Road Race,Minuteman Road Club,William Turner,,,05/31/2014,
14027,14027,Longsjo Classic,"Atwood Racing Services, LLC",Alan Atwood,,,06/27/2014,06/29/2014
14064,14064,Hines Park TIme Trial,fredericjames LLC,Fred Nemenski,,,07/27/2014,
14076,14076,Michigan Technological University Collegiate Mountain Race,Michigan Technological University,Anthony Bacon,,,10/04/2014,10/05/2014
14115,14115,O'Fallon Cup Criterium,Momentum Racing LLC - MO,Jeff Maassen,,,05/17/2014,
14141,14141,Gateway Cross Cup,Michelob Ultra - Big Shark Racing,Michael Weiss,,,10/25/2014,10/26/2014
14205,14205,Pedal Power Race Series,USA Cycling Race Director,Jason Bradley,,,03/02/2014,03/16/2014
14227,14227,N.J STATE ROAD RACE CHAMPIONSHIP,Pro Pedals Bike Shop,Jason Bradley,,,06/01/2014,
14240,14240,Pinecone Circuit Road Race,Pro Pedals Bike Shop,Jason Bradley,,,08/17/2014,
14300,14300,the Women's Woodstock Cycling Grand Prix,USA Cycling Race Director,Martin Bruhn,,,05/03/2014,
14318,14318,Coeyman's Hollow Time Trial,USA Cycling Race Director,M Andrew Ruiz,,,06/18/2014,
14328,14328,NY Capital Region Road Race,Capital Bicycle Racing Club,Paul McDonnell,,,07/12/2014,
14366,14366,Dixie Classic Criterium Series,Hearts Racing Club,Ken Putnam,,,03/18/2014,06/17/2014
14370,14370,"Duke Cycling Road Race, TTT, and Ninth Street Derby",Duke University,Steven Boyd,Duke Cycling Road Race,and Ninth Street Derby,03/29/2014,03/30/2014
14394,14394,Hobby Park - Southern Classic MTB Series Race #10,Cycletherapy,Jim Smalley,,,08/02/2014,08/03/2014
14404,14404,Ninja Cross at SECCA,Mock Orange Bikes,Zach Lail,,,09/28/2014,
14434,14434,OSRS #6  Road Race &  TT Bonus,Queen City Wheels,Jeffrey Seeley,,,05/03/2014,
14492,14492,St. Crispin's Day Massacre,,,,,10/19/2014,
14521,14521,Nicole Reinhart Memorial Tour de FCCC,USA Cycling Race Director,Zachary Houlik,,,07/26/2014,07/27/2014
14592,14592,Milligan College Cycling Classic,Milligan College,Zachary Nave,,,04/05/2014,04/06/2014
14669,14669,Camp Eagle Classic Mountain Bike Festival,Texas Mountain Bike Racing Association,Lisa Nye-Salladin,,,08/30/2014,
14670,14670,Camp Eagle Classic Mountain Bike Festival,Texas Mountain Bike Racing Association,Lisa Nye-Salladin,,,08/30/2014,
14742,14742,Dam Wrightsvile Cyclo cross race,Onion River Sports,Andrew Brewer,"Wrightsville Beach Recreation District in Montpelier, VT. 369 Vermont Rt 12",Vermont 05602,11/01/2014,
14845,14845,Friday Night Sprints,Cerious Speed Serenity,Jonathan Fraley,,,05/30/2014,08/29/2014
14890,14890,Santa Catalina Omnium and Oracle Road Race,University of Arizona,Joseph Iuliano,,,01/31/2015,02/01/2015
14985,14985,US Cup / Bonelli Park XC #1,"Team Big Bear Mtn Bikes, Inc.",Tom Spiegel,,,03/14/2015,03/15/2015
15001,15001,US Cup / Bonelli Park XC #2,"Team Big Bear Mtn Bikes, Inc.",Tom Spiegel,,,04/11/2015,04/12/2015
15048,15048,805 Criterium Weekend Omnium p/b Explore Lompoc,USA Cycling Race Director,Michael Hecker,,,06/19/2015,06/21/2015
15316,15316,2015 Sage Brush Scramble,Broken Spoke Cycling,Hal Miller,,,04/04/2015,
15321,15321,Knobby 9 to 5 Ultra-Endurance,Broken Spoke Cycling,Hal Miller,,,06/06/2015,
15331,15331,Coeur d' Alene Twilight Criterium,Coeur d 'Alene Velo Racers (CDAVR),Michael Gaertner,,,09/25/2015,
15338,15338,Wild West Finals in CD'A,Coeur d 'Alene Velo Racers (CDAVR),Michael Gaertner,,,11/07/2015,11/08/2015
15354,15354,O'Fallon Grand Prix Omnium,Metro East Cycling,Thomas Jackson,,,06/19/2015,06/21/2015
15397,15397,Fat & Skinny Tire Fest,USA Cycling Race Director,Thomas Wogoman,,,05/15/2015,05/17/2015
15422,15422,"Iowa Spring Classic, Hills/Iowa City IA",Goosetown Racing Club,Brett Griggs,,,03/08/2015,
15517,15517,Greenbrier Challenge AMBC/MASS/MARC,Potomac Velo Club,James Carlson,,,05/17/2015,
15545,15545,Longsjo Classic,"Atwood Racing Services, LLC",Alan Atwood,,,06/26/2015,06/28/2015
15576,15576,Hines Park MI State Time Trial,fredericjames LLC,Fred Nemenski,,,07/19/2015,
15649,15649,Truman Cup Sugar Creek Circuit Race & Square Criterium,Jacomo Racing p/b Alloy Wheel Repair Specialists,Jason Rew,,,07/25/2015,07/26/2015
15655,15655,Lindenwood University MTB Fall Challenge,Lindenwood University,Julie Carter,,,09/12/2015,09/13/2015
15767,15767,Blueberry  Time Trial-NJ ITT,Pro Pedals Bike Shop,Jason Bradley,,,07/18/2015,
15772,15772,Pinecone Circuit Road Race,Pro Pedals Bike Shop,Jason Bradley,,,08/16/2015,
15782,15782,Bubblecross! Cyclocross at Bubbling Springs - NJBA CX Cup Event,Team Town Cycle,Mary VanWart,,,11/01/2015,
15812,15812,Cruces 'Cross,ZiaVelo Cycling,David Rutledge,,,12/05/2015,
15825,15825,The Women's Woodstock Cycling Grand Prix,USA Cycling Race Director,Martin Bruhn,,,05/02/2015,
15884,15884,Dixie Classic Criterium Series,Hearts Racing Club,Ken Putnam,,,03/24/2015,06/23/2015
15903,15903,Cross Country Racingwith Cycletherapy @ Hobby Park 2015,Cycletherapy,Jim Smalley,,,06/07/2015,
15961,15961,Tour of Ohio,Kreitler Racing Team,Luanne Murray,,,09/03/2015,
16017,16017,Ice Breaker Road Race,Bobs Bicycles Cycling Club,Robert Hoene,,,03/22/2015,
16111,16111,Milligan College Cycling Classic,Milligan College,Zachary Nave,,,04/11/2015,04/12/2015
16192,16192,Camp Eagle Classic Mountain Bike Festival,Texas Mountain Bike Racing Association,Lisa Nye-Salladin,,,09/05/2015,
16193,16193,Camp Eagle Classic Mountain Bike Festival,Texas Mountain Bike Racing Association,Lisa Nye-Salladin,,,09/05/2015,
16395,16395,Montana Enduro Series #4-The Grand Enduro,Gravity Guild,Christine Wike,,,08/02/2015,
